Date,age group,Severe cases vaccinated,Severe cases expired Vaccination  ,Severe cases Not vaccinated,Severe cases vaccinated per 100k,Severe cases expired Vaccination  per 100k,Severe cases Not vaccinated per 100k,New Severe cases vaccinated,New severe cases expired Vaccination,New severe cases Not vaccinated,New severe cases vaccinated per 100k,New severe cases expired Vaccination  per 100k,New severe cases Not vaccinated per 100k
17-01-2021,60+,0,0,555,0,0,117.4,0,0,58,0,0,12.3
17-01-2021,All population,0,0,805,0,0,11.3,0,0,94,0,0,1.3
17-01-2021,0-59,0,0,250,0,0,3.8,0,0,36,0,0,0.5
18-01-2021,60+,1,0,557,5,0,119.5,1,0,66,5,0,14.2
18-01-2021,All population,1,0,792,2.2,0,11.2,1,0,99,2.2,0,1.4
18-01-2021,0-59,0,0,235,0,0,3.6,0,0,33,0,0,0.5
19-01-2021,60+,1,0,555,2.3,0,120.8,0,0,72,0,0,15.7
19-01-2021,All population,1,0,780,1.2,0,11.2,0,0,107,0,0,1.5
19-01-2021,0-59,0,0,225,0,0,3.4,0,0,35,0,0,0.5
20-01-2021,60+,2,0,541,2.4,0,119.4,1,0,62,1.2,0,13.7
20-01-2021,All population,2,0,767,1.4,0,11.1,1,0,92,0.7,0,1.3
20-01-2021,0-59,0,0,226,0,0,3.5,0,0,30,0,0,0.5
21-01-2021,0-59,1,0,229,1.4,0,3.6,1,0,38,1.4,0,0.6
21-01-2021,60+,4,0,512,2.9,0,114.7,2,0,54,1.5,0,12.1
21-01-2021,All population,5,0,741,2.4,0,10.8,3,0,92,1.4,0,1.3
22-01-2021,0-59,1,0,235,1.2,0,3.7,0,0,34,0,0,0.5
22-01-2021,All population,6,0,728,2.4,0,10.7,1,0,83,0.4,0,1.2
22-01-2021,60+,5,0,493,3,0,111.4,1,0,49,0.6,0,11.1
23-01-2021,60+,6,0,494,3.2,0,112.3,2,0,46,1.1,0,10.5
23-01-2021,0-59,1,0,243,1.2,0,3.8,0,0,30,0,0,0.5
23-01-2021,All population,7,0,737,2.6,0,10.9,2,0,76,0.7,0,1.1
24-01-2021,0-59,2,0,254,1.9,0,4.1,0,0,40,0,0,0.6
24-01-2021,60+,6,0,490,2.4,0,113.1,2,0,49,0.8,0,11.3
24-01-2021,All population,8,0,744,2.2,0,11.1,2,0,89,0.6,0,1.3
25-01-2021,0-59,2,0,237,1.4,0,3.8,0,0,36,0,0,0.6
25-01-2021,60+,5,0,482,1.5,0,113.1,1,0,72,0.3,0,16.9
25-01-2021,All population,7,0,720,1.5,0,10.9,1,0,109,0.2,0,1.6
26-01-2021,60+,7,0,474,1.7,0,112.9,3,0,50,0.7,0,11.9
26-01-2021,All population,9,0,734,1.5,0,11.2,3,0,99,0.5,0,1.5
26-01-2021,0-59,2,0,259,1,0,4.2,0,0,49,0,0,0.8
27-01-2021,All population,11,0,732,1.4,0,11.3,3,0,91,0.4,0,1.4
27-01-2021,0-59,3,0,267,1.2,0,4.4,1,0,38,0.4,0,0.6
27-01-2021,60+,8,0,464,1.6,0,112.1,2,0,53,0.4,0,12.8
28-01-2021,0-59,3,0,278,0.9,0,4.7,1,0,45,0.3,0,0.8
28-01-2021,All population,14,0,746,1.5,0,11.7,5,0,98,0.5,0,1.5
28-01-2021,60+,11,0,468,1.8,0,114.5,4,0,53,0.7,0,13
29-01-2021,All population,18,0,729,1.8,0,11.5,7,0,77,0.7,0,1.2
29-01-2021,60+,15,0,450,2.3,0,110.7,7,0,45,1.1,0,11.1
29-01-2021,0-59,3,0,279,0.8,0,4.7,0,0,32,0,0,0.5
30-01-2021,All population,28,0,724,2.7,0,11.5,11,0,60,1,0,1
30-01-2021,0-59,4,0,278,1.1,0,4.7,1,0,27,0.3,0,0.5
30-01-2021,60+,24,0,446,3.6,0,110.1,10,0,33,1.5,0,8.1
31-01-2021,60+,30,0,436,4,0,109.1,8,0,46,1.1,0,11.5
31-01-2021,0-59,4,0,293,0.9,0,5,0,0,43,0,0,0.7
31-01-2021,All population,34,0,729,2.9,0,11.7,8,0,89,0.7,0,1.4
01-02-2021,0-59,5,0,274,1,0,4.8,1,0,25,0.2,0,0.4
01-02-2021,60+,38,0,449,4.7,0,114,13,0,65,1.6,0,16.5
01-02-2021,All population,43,0,724,3.2,0,11.8,14,0,91,1.1,0,1.5
02-02-2021,60+,43,0,427,4.9,0,110,13,0,44,1.5,0,11.3
02-02-2021,0-59,6,0,276,1,0,4.8,2,0,45,0.3,0,0.8
02-02-2021,All population,49,0,705,3.4,0,11.6,15,0,90,1,0,1.5
03-02-2021,0-59,5,0,292,0.8,0,5.2,0,0,54,0,0,1
03-02-2021,All population,52,0,733,3.3,0,12.2,17,0,117,1.1,0,1.9
03-02-2021,60+,47,0,440,5.1,0,114.9,17,0,63,1.8,0,16.4
04-02-2021,All population,66,0,732,3.9,0,12.3,23,0,97,1.3,0,1.6
04-02-2021,60+,61,0,435,6.2,0,114.8,22,0,52,2.2,0,13.7
04-02-2021,0-59,5,0,296,0.7,0,5.3,1,0,45,0.1,0,0.8
05-02-2021,All population,64,0,744,3.6,0,12.6,13,0,93,0.7,0,1.6
05-02-2021,60+,58,0,427,5.8,0,113.3,12,0,45,1.2,0,11.9
05-02-2021,0-59,6,0,316,0.8,0,5.7,1,0,48,0.1,0,0.9
06-02-2021,0-59,7,0,320,0.9,0,5.8,1,0,30,0.1,0,0.5
06-02-2021,All population,63,0,768,3.5,0,13,9,0,79,0.5,0,1.3
06-02-2021,60+,56,0,447,5.5,0,119,8,0,49,0.8,0,13
07-02-2021,0-59,7,0,330,0.8,0,6,2,0,43,0.2,0,0.8
07-02-2021,All population,66,0,787,3.5,0,13.5,13,0,100,0.7,0,1.7
07-02-2021,60+,59,0,456,5.7,0,122.6,11,0,57,1.1,0,15.3
08-02-2021,60+,65,0,448,6.2,0,121.8,14,0,66,1.3,0,17.9
08-02-2021,All population,74,0,768,3.9,0,13.3,17,0,106,0.9,0,1.8
08-02-2021,0-59,9,0,318,1,0,5.9,3,0,39,0.3,0,0.7
09-02-2021,0-59,8,0,314,0.9,0,5.9,0,0,41,0,0,0.8
09-02-2021,All population,70,0,743,3.6,0,13,9,0,83,0.5,0,1.5
09-02-2021,60+,62,0,426,5.9,0,117.2,9,0,41,0.9,0,11.3
10-02-2021,All population,66,0,751,3.3,0,13.3,10,0,110,0.5,0,1.9
10-02-2021,0-59,7,0,313,0.7,0,5.9,0,0,51,0,0,1
10-02-2021,60+,59,0,435,5.5,0,121.3,10,0,59,0.9,0,16.4
11-02-2021,All population,58,0,733,2.8,0,13.2,8,0,84,0.4,0,1.5
11-02-2021,0-59,6,0,324,0.6,0,6.2,0,0,46,0,0,0.9
11-02-2021,60+,52,0,407,4.8,0,115.1,8,0,37,0.7,0,10.5
12-02-2021,60+,47,0,397,4.3,0,113.1,6,0,42,0.6,0,12
12-02-2021,0-59,5,0,308,0.5,0,6,0,0,20,0,0,0.4
12-02-2021,All population,52,0,706,2.5,0,12.8,6,0,62,0.3,0,1.1
13-02-2021,0-59,5,0,312,0.5,0,6.1,1,0,42,0.1,0,0.8
13-02-2021,All population,44,0,717,2.1,0,13,2,0,96,0.1,0,1.7
13-02-2021,60+,39,0,404,3.6,0,115.6,1,0,54,0.1,0,15.5
14-02-2021,All population,52,0,744,2.4,0,13.7,14,0,102,0.6,0,1.9
14-02-2021,0-59,5,0,330,0.5,0,6.5,1,0,48,0.1,0,0.9
14-02-2021,60+,47,0,412,4.3,0,119.9,13,0,53,1.2,0,15.4
15-02-2021,All population,57,0,739,2.5,0,13.8,9,0,101,0.4,0,1.9
15-02-2021,60+,50,0,413,4.5,0,122.6,7,0,57,0.6,0,16.9
15-02-2021,0-59,7,0,324,0.6,0,6.5,2,0,44,0.2,0,0.9
16-02-2021,60+,46,0,386,4.2,0,116.8,5,0,37,0.5,0,11.2
16-02-2021,0-59,5,0,319,0.4,0,6.5,0,0,36,0,0,0.7
16-02-2021,All population,51,0,706,2.2,0,13.4,5,0,73,0.2,0,1.4
17-02-2021,All population,50,0,710,2.1,0,13.7,10,0,75,0.4,0,1.4
17-02-2021,60+,44,0,381,4,0,116.6,8,0,38,0.7,0,11.6
17-02-2021,0-59,6,0,328,0.5,0,6.7,2,0,37,0.2,0,0.8
18-02-2021,0-59,7,0,314,0.5,0,6.5,1,0,32,0.1,0,0.7
18-02-2021,All population,47,0,674,1.9,0,13.1,6,0,63,0.2,0,1.2
18-02-2021,60+,40,0,359,3.6,0,111.3,5,0,31,0.4,0,9.6
19-02-2021,60+,36,0,336,3.2,0,104.9,5,0,25,0.4,0,7.8
19-02-2021,0-59,7,0,292,0.5,0,6.1,1,0,22,0.1,0,0.5
19-02-2021,All population,43,0,629,1.7,0,12.4,6,0,47,0.2,0,0.9
20-02-2021,0-59,9,0,309,0.6,0,6.5,2,0,39,0.1,0,0.8
20-02-2021,All population,42,0,630,1.7,0,12.5,6,0,55,0.2,0,1.1
20-02-2021,60+,33,0,320,2.9,0,100.5,4,0,16,0.4,0,5
21-02-2021,60+,36,0,315,3.2,0,101,7,0,33,0.6,0,10.6
21-02-2021,0-59,8,0,309,0.5,0,6.6,2,0,33,0.1,0,0.7
21-02-2021,All population,44,0,625,1.7,0,12.6,9,0,66,0.3,0,1.3
22-02-2021,All population,41,0,630,1.5,0,12.9,8,0,90,0.3,0,1.8
22-02-2021,0-59,6,0,307,0.4,0,6.7,1,0,46,0.1,0,1
22-02-2021,60+,35,0,322,3.1,0,105.7,7,0,44,0.6,0,14.4
23-02-2021,0-59,6,0,302,0.4,0,6.7,1,0,42,0.1,0,0.9
23-02-2021,60+,34,0,310,3,0,103.9,6,0,37,0.5,0,12.4
23-02-2021,All population,40,0,612,1.4,0,12.7,7,0,79,0.3,0,1.6
24-02-2021,All population,39,0,604,1.4,0,12.7,5,0,78,0.2,0,1.6
24-02-2021,60+,33,0,302,2.9,0,103.1,4,0,38,0.3,0,13
24-02-2021,0-59,6,0,302,0.4,0,6.8,1,0,40,0.1,0,0.9
25-02-2021,All population,36,0,591,1.2,0,12.6,6,0,81,0.2,0,1.7
25-02-2021,60+,30,0,298,2.6,0,103.4,6,0,45,0.5,0,15.6
25-02-2021,0-59,6,0,293,0.3,0,6.6,0,0,36,0,0,0.8
26-02-2021,All population,37,0,579,1.3,0,12.4,5,0,66,0.2,0,1.4
26-02-2021,60+,31,0,285,2.7,0,99.6,5,0,32,0.4,0,11.2
26-02-2021,0-59,6,0,294,0.3,0,6.7,0,0,34,0,0,0.8
27-02-2021,60+,38,0,283,3.3,0,99.4,10,0,27,0.9,0,9.5
27-02-2021,0-59,6,0,285,0.3,0,6.5,0,0,22,0,0,0.5
27-02-2021,All population,44,0,569,1.5,0,12.2,10,0,50,0.3,0,1.1
28-02-2021,60+,40,0,286,3.4,0,101.8,4,0,36,0.3,0,12.8
28-02-2021,0-59,6,0,285,0.3,0,6.6,0,0,32,0,0,0.7
28-02-2021,All population,46,0,571,1.5,0,12.4,4,0,68,0.1,0,1.5
01-03-2021,0-59,7,0,274,0.4,0,6.4,2,0,41,0.1,0,1
01-03-2021,60+,37,0,287,3.2,0,103.9,3,0,46,0.3,0,16.7
01-03-2021,All population,44,0,562,1.4,0,12.3,5,0,88,0.2,0,1.9
02-03-2021,60+,35,0,278,3,0,102.5,7,0,36,0.6,0,13.3
02-03-2021,0-59,5,0,257,0.2,0,6,0,0,28,0,0,0.7
02-03-2021,All population,40,0,536,1.2,0,11.8,7,0,64,0.2,0,1.4
03-03-2021,60+,35,0,290,3,0,109,6,0,45,0.5,0,16.9
03-03-2021,All population,42,0,539,1.3,0,12,9,0,73,0.3,0,1.6
03-03-2021,0-59,7,0,249,0.3,0,5.9,3,0,28,0.1,0,0.7
04-03-2021,All population,47,0,528,1.4,0,11.9,8,0,61,0.2,0,1.4
04-03-2021,60+,38,0,283,3.2,0,108.1,6,0,32,0.5,0,12.2
04-03-2021,0-59,9,0,245,0.4,0,5.9,2,0,29,0.1,0,0.7
05-03-2021,All population,46,0,498,1.4,0,11.2,6,0,57,0.2,0,1.3
05-03-2021,0-59,8,0,232,0.4,0,5.6,1,0,30,0,0,0.7
05-03-2021,60+,38,0,266,3.2,0,102.3,5,0,27,0.4,0,10.4
06-03-2021,0-59,7,0,242,0.3,0,5.8,0,0,34,0,0,0.8
06-03-2021,All population,52,0,517,1.5,0,11.7,9,0,72,0.3,0,1.6
06-03-2021,60+,45,0,275,3.8,0,106.2,9,0,38,0.8,0,14.7
07-03-2021,60+,46,0,284,3.8,0,111.3,4,0,22,0.3,0,8.6
07-03-2021,0-59,7,0,253,0.3,0,6.1,1,0,35,0,0,0.8
07-03-2021,All population,53,0,537,1.5,0,12.2,5,0,57,0.1,0,1.3
08-03-2021,0-59,8,0,250,0.3,0,6.1,1,0,37,0,0,0.9
08-03-2021,All population,54,0,514,1.5,0,11.8,7,0,69,0.2,0,1.6
08-03-2021,60+,46,0,264,3.8,0,104.8,6,0,32,0.5,0,12.7
09-03-2021,0-59,8,0,244,0.3,0,6,0,0,20,0,0,0.5
09-03-2021,60+,46,0,253,3.8,0,101.7,5,0,16,0.4,0,6.4
09-03-2021,All population,54,0,497,1.5,0,11.5,5,0,36,0.1,0,0.8
10-03-2021,0-59,7,0,231,0.3,0,5.7,0,0,27,0,0,0.7
10-03-2021,All population,55,0,485,1.5,0,11.2,8,0,58,0.2,0,1.3
10-03-2021,60+,48,0,254,4,0,103.1,8,0,31,0.7,0,12.6
11-03-2021,60+,44,0,245,3.6,0,100.4,4,0,25,0.3,0,10.2
11-03-2021,All population,50,0,475,1.3,0,11.1,4,0,49,0.1,0,1.1
11-03-2021,0-59,6,0,230,0.2,0,5.7,0,0,24,0,0,0.6
12-03-2021,60+,44,0,230,3.6,0,94.7,5,0,22,0.4,0,9.1
12-03-2021,All population,53,0,452,1.4,0,10.6,9,0,45,0.2,0,1.1
12-03-2021,0-59,9,0,222,0.3,0,5.5,4,0,23,0.2,0,0.6
13-03-2021,0-59,9,0,219,0.3,0,5.4,1,0,22,0,0,0.5
13-03-2021,60+,45,0,229,3.7,0,94.6,5,0,16,0.4,0,6.6
13-03-2021,All population,54,0,448,1.4,0,10.5,6,0,38,0.2,0,0.9
14-03-2021,0-59,8,0,236,0.3,0,5.9,0,0,34,0,0,0.8
14-03-2021,All population,52,0,465,1.3,0,10.9,4,0,62,0.1,0,1.5
14-03-2021,60+,44,0,229,3.6,0,95.4,4,0,28,0.3,0,11.7
15-03-2021,60+,46,0,216,3.7,0,90.8,7,0,20,0.6,0,8.4
15-03-2021,0-59,9,0,213,0.3,0,5.3,2,0,18,0.1,0,0.5
15-03-2021,All population,55,0,429,1.4,0,10.1,9,0,38,0.2,0,0.9
16-03-2021,All population,50,0,432,1.2,0,10.3,4,0,48,0.1,0,1.1
16-03-2021,60+,43,0,213,3.4,0,90.2,4,0,19,0.3,0,8
16-03-2021,0-59,7,0,219,0.2,0,5.5,0,0,29,0,0,0.7
17-03-2021,60+,46,0,200,3.7,0,85.4,4,0,14,0.3,0,6
17-03-2021,0-59,5,0,209,0.2,0,5.3,0,0,21,0,0,0.5
17-03-2021,All population,51,0,409,1.2,0,9.8,4,0,35,0.1,0,0.8
18-03-2021,All population,52,0,418,1.2,0,10,9,0,46,0.2,0,1.1
18-03-2021,0-59,6,0,210,0.2,0,5.3,2,0,26,0.1,0,0.7
18-03-2021,60+,46,0,208,3.7,0,89.5,7,0,20,0.6,0,8.6
19-03-2021,All population,49,0,404,1.2,0,9.7,4,0,32,0.1,0,0.8
19-03-2021,60+,44,0,204,3.5,0,88,3,0,15,0.2,0,6.5
19-03-2021,0-59,5,0,200,0.2,0,5.1,1,0,17,0,0,0.4
20-03-2021,0-59,7,0,189,0.2,0,4.8,2,0,15,0.1,0,0.4
20-03-2021,All population,48,0,394,1.1,0,9.5,3,0,32,0.1,0,0.8
20-03-2021,60+,41,0,205,3.2,0,88.7,1,0,17,0.1,0,7.4
21-03-2021,All population,52,0,404,1.2,0,9.7,8,0,35,0.2,0,0.8
21-03-2021,0-59,7,0,190,0.2,0,4.8,1,0,10,0,0,0.3
21-03-2021,60+,45,0,214,3.5,0,93.2,7,0,25,0.6,0,10.9
22-03-2021,0-59,5,0,180,0.2,0,4.6,0,0,11,0,0,0.3
22-03-2021,All population,45,0,377,1,0,9.1,3,0,24,0.1,0,0.6
22-03-2021,60+,40,0,197,3.1,0,86.3,3,0,13,0.2,0,5.7
23-03-2021,60+,38,0,191,3,0,83.8,4,0,13,0.3,0,5.7
23-03-2021,All population,44,0,368,1,0,8.9,5,0,25,0.1,0,0.6
23-03-2021,0-59,6,0,177,0.2,0,4.5,1,0,12,0,0,0.3
24-03-2021,All population,39,0,361,0.9,0,8.7,4,0,28,0.1,0,0.7
24-03-2021,60+,34,0,192,2.6,0,84.7,4,0,18,0.3,0,7.9
24-03-2021,0-59,5,0,169,0.2,0,4.3,0,0,10,0,0,0.3
25-03-2021,0-59,6,0,167,0.2,0,4.3,2,0,14,0.1,0,0.4
25-03-2021,60+,32,0,197,2.5,0,87.4,2,0,20,0.2,0,8.9
25-03-2021,All population,38,0,364,0.8,0,8.8,4,0,34,0.1,0,0.8
26-03-2021,60+,34,0,190,2.6,0,84.5,3,0,12,0.2,0,5.3
26-03-2021,0-59,5,0,152,0.1,0,3.9,0,0,9,0,0,0.2
26-03-2021,All population,39,0,342,0.8,0,8.3,3,0,21,0.1,0,0.5
27-03-2021,0-59,5,0,148,0.1,0,3.8,0,0,6,0,0,0.2
27-03-2021,60+,32,0,184,2.5,0,81.9,0,0,9,0,0,4
27-03-2021,All population,37,0,332,0.8,0,8.1,0,0,15,0,0,0.4
28-03-2021,60+,33,0,182,2.5,0,81.1,3,0,10,0.2,0,4.5
28-03-2021,All population,40,0,334,0.8,0,8.1,5,0,18,0.1,0,0.4
28-03-2021,0-59,7,0,152,0.2,0,3.9,2,0,8,0.1,0,0.2
29-03-2021,60+,35,0,177,2.7,0,79.3,3,0,9,0.2,0,4
29-03-2021,All population,42,0,327,0.9,0,8,3,0,13,0.1,0,0.3
29-03-2021,0-59,7,0,150,0.2,0,3.9,0,0,4,0,0,0.1
30-03-2021,0-59,6,0,142,0.2,0,3.7,0,0,7,0,0,0.2
30-03-2021,60+,35,0,146,2.7,0,65.7,3,0,6,0.2,0,2.7
30-03-2021,All population,41,0,288,0.9,0,7,3,0,13,0.1,0,0.3
31-03-2021,All population,41,0,280,0.8,0,6.9,3,0,17,0.1,0,0.4
31-03-2021,60+,35,0,146,2.7,0,66.1,3,0,13,0.2,0,5.9
31-03-2021,0-59,6,0,134,0.2,0,3.5,0,0,4,0,0,0.1
01-04-2021,60+,34,0,144,2.6,0,65.9,2,0,11,0.2,0,5
01-04-2021,All population,39,0,274,0.8,0,6.7,2,0,14,0,0,0.3
01-04-2021,0-59,5,0,130,0.1,0,3.4,0,0,3,0,0,0.1
02-04-2021,60+,30,0,127,2.3,0,58.2,1,0,6,0.1,0,2.8
02-04-2021,All population,35,0,248,0.7,0,6.1,1,0,12,0,0,0.3
02-04-2021,0-59,5,0,121,0.1,0,3.1,0,0,6,0,0,0.2
03-04-2021,All population,37,0,250,0.8,0,6.1,3,0,11,0.1,0,0.3
03-04-2021,60+,31,0,124,2.4,0,56.9,2,0,3,0.2,0,1.4
03-04-2021,0-59,6,0,126,0.2,0,3.3,1,0,8,0,0,0.2
04-04-2021,60+,26,0,123,2,0,56.8,3,0,7,0.2,0,3.2
04-04-2021,All population,32,0,250,0.7,0,6.2,3,0,13,0.1,0,0.3
04-04-2021,0-59,6,0,127,0.2,0,3.3,0,0,6,0,0,0.2
05-04-2021,All population,32,0,231,0.7,0,5.7,6,0,7,0.1,0,0.2
05-04-2021,0-59,5,0,116,0.1,0,3,0,0,1,0,0,0
05-04-2021,60+,27,0,115,2,0,53.4,6,0,6,0.5,0,2.8
06-04-2021,60+,29,0,111,2.2,0,51.9,4,0,3,0.3,0,1.4
06-04-2021,All population,34,0,226,0.7,0,5.6,5,0,8,0.1,0,0.2
06-04-2021,0-59,5,0,115,0.1,0,3,1,0,5,0,0,0.1
07-04-2021,60+,27,0,107,2,0,50.3,2,0,5,0.2,0,2.4
07-04-2021,All population,32,0,220,0.6,0,5.4,2,0,13,0,0,0.3
07-04-2021,0-59,5,0,113,0.1,0,3,0,0,8,0,0,0.2
08-04-2021,0-59,5,0,102,0.1,0,2.7,0,0,4,0,0,0.1
08-04-2021,60+,26,0,99,2,0,46.8,3,0,4,0.2,0,1.9
08-04-2021,All population,31,0,201,0.6,0,5,3,0,8,0.1,0,0.2
09-04-2021,0-59,4,0,100,0.1,0,2.6,0,0,7,0,0,0.2
09-04-2021,60+,21,0,96,1.6,0,45.5,2,0,8,0.2,0,3.8
09-04-2021,All population,25,0,196,0.5,0,4.9,2,0,15,0,0,0.4
10-04-2021,60+,20,0,95,1.5,0,45.1,3,0,5,0.2,0,2.4
10-04-2021,0-59,4,0,95,0.1,0,2.5,0,0,3,0,0,0.1
10-04-2021,All population,24,0,190,0.5,0,4.7,3,0,8,0.1,0,0.2
11-04-2021,0-59,5,0,96,0.1,0,2.5,1,0,7,0,0,0.2
11-04-2021,60+,20,0,93,1.5,0,44.4,1,0,6,0.1,0,2.9
11-04-2021,All population,25,0,189,0.5,0,4.7,2,0,13,0,0,0.3
12-04-2021,0-59,4,0,94,0.1,0,2.5,0,0,3,0,0,0.1
12-04-2021,60+,19,0,93,1.4,0,44.7,3,0,6,0.2,0,2.9
12-04-2021,All population,23,0,187,0.5,0,4.7,3,0,9,0.1,0,0.2
13-04-2021,All population,23,0,173,0.5,0,4.3,2,0,11,0,0,0.3
13-04-2021,0-59,4,0,87,0.1,0,2.3,0,0,2,0,0,0.1
13-04-2021,60+,19,0,86,1.4,0,41.5,2,0,9,0.1,0,4.3
14-04-2021,All population,23,0,156,0.5,0,3.9,1,0,2,0,0,0.1
14-04-2021,60+,19,0,82,1.4,0,39.7,1,0,1,0.1,0,0.5
14-04-2021,0-59,4,0,74,0.1,0,2,0,0,1,0,0,0
15-04-2021,All population,21,0,145,0.4,0,3.6,0,0,3,0,0,0.1
15-04-2021,0-59,4,0,70,0.1,0,1.8,0,0,1,0,0,0
15-04-2021,60+,17,0,75,1.3,0,36.4,0,0,2,0,0,1
16-04-2021,All population,22,0,142,0.4,0,3.6,2,0,5,0,0,0.1
16-04-2021,0-59,4,0,70,0.1,0,1.8,0,0,3,0,0,0.1
16-04-2021,60+,18,0,72,1.3,0,35,2,0,2,0.1,0,1
17-04-2021,All population,21,0,139,0.4,0,3.5,2,0,4,0,0,0.1
17-04-2021,0-59,4,0,70,0.1,0,1.8,0,0,3,0,0,0.1
17-04-2021,60+,17,0,69,1.3,0,33.6,2,0,1,0.1,0,0.5
18-04-2021,All population,21,0,143,0.4,0,3.6,3,0,10,0.1,0,0.3
18-04-2021,0-59,4,0,70,0.1,0,1.9,1,0,4,0,0,0.1
18-04-2021,60+,17,0,73,1.3,0,35.7,2,0,6,0.1,0,2.9
19-04-2021,0-59,3,0,65,0.1,0,1.7,0,0,2,0,0,0.1
19-04-2021,60+,15,0,70,1.1,0,34.4,2,0,6,0.1,0,2.9
19-04-2021,All population,18,0,135,0.4,0,3.4,2,0,8,0,0,0.2
20-04-2021,0-59,3,0,62,0.1,0,1.6,0,0,1,0,0,0
20-04-2021,All population,19,0,123,0.4,0,3.1,2,0,3,0,0,0.1
20-04-2021,60+,16,0,61,1.2,0,30.1,2,0,2,0.1,0,1
21-04-2021,0-59,3,0,59,0.1,0,1.6,0,0,1,0,0,0
21-04-2021,All population,20,0,118,0.4,0,3,2,0,4,0,0,0.1
21-04-2021,60+,17,0,59,1.3,0,29.2,2,0,3,0.1,0,1.5
22-04-2021,0-59,3,0,57,0.1,0,1.5,0,0,1,0,0,0
22-04-2021,60+,14,0,55,1,0,27.4,1,0,2,0.1,0,1
22-04-2021,All population,17,0,112,0.3,0,2.8,1,0,3,0,0,0.1
23-04-2021,60+,16,0,52,1.2,0,25.9,3,0,2,0.2,0,1
23-04-2021,0-59,3,0,59,0.1,0,1.6,0,0,3,0,0,0.1
23-04-2021,All population,19,0,111,0.4,0,2.8,3,0,5,0.1,0,0.1
24-04-2021,All population,15,0,107,0.3,0,2.7,0,0,2,0,0,0.1
24-04-2021,0-59,3,0,54,0.1,0,1.4,0,0,0,0,0,0
24-04-2021,60+,12,0,53,0.9,0,26.4,0,0,2,0,0,1
25-04-2021,0-59,3,0,54,0.1,0,1.4,0,0,1,0,0,0
25-04-2021,All population,17,0,108,0.3,0,2.7,2,0,3,0,0,0.1
25-04-2021,60+,14,0,54,1,0,27,2,0,2,0.1,0,1
26-04-2021,0-59,3,0,57,0.1,0,1.5,0,0,6,0,0,0.2
26-04-2021,60+,11,0,55,0.8,0,27.6,0,0,6,0,0,3
26-04-2021,All population,14,0,112,0.3,0,2.8,0,0,12,0,0,0.3
27-04-2021,0-59,3,0,56,0.1,0,1.5,0,0,2,0,0,0.1
27-04-2021,All population,15,0,107,0.3,0,2.7,1,0,3,0,0,0.1
27-04-2021,60+,12,0,51,0.9,0,25.7,1,0,1,0.1,0,0.5
28-04-2021,0-59,4,0,56,0.1,0,1.5,1,0,0,0,0,0
28-04-2021,All population,15,0,99,0.3,0,2.5,1,0,1,0,0,0
28-04-2021,60+,11,0,43,0.8,0,21.7,0,0,1,0,0,0.5
29-04-2021,60+,9,0,38,0.7,0,19.3,1,0,2,0.1,0,1
29-04-2021,All population,11,0,89,0.2,0,2.3,1,0,3,0,0,0.1
29-04-2021,0-59,2,0,51,0.1,0,1.4,0,0,1,0,0,0
30-04-2021,All population,11,0,84,0.2,0,2.1,1,0,4,0,0,0.1
30-04-2021,60+,9,0,33,0.7,0,16.8,1,0,1,0.1,0,0.5
30-04-2021,0-59,2,0,51,0.1,0,1.4,0,0,3,0,0,0.1
01-05-2021,60+,8,0,34,0.6,0,17.3,0,0,3,0,0,1.5
01-05-2021,All population,10,0,86,0.2,0,2.2,0,0,5,0,0,0.1
01-05-2021,0-59,2,0,52,0.1,0,1.4,0,0,2,0,0,0.1
02-05-2021,0-59,2,0,48,0.1,0,1.3,0,0,0,0,0,0
02-05-2021,All population,9,0,83,0.2,0,2.1,0,0,4,0,0,0.1
02-05-2021,60+,7,0,35,0.5,0,17.9,0,0,4,0,0,2
03-05-2021,All population,7,0,80,0.1,0,2,1,0,5,0,0,0.1
03-05-2021,60+,5,0,34,0.4,0,17.4,0,0,2,0,0,1
03-05-2021,0-59,2,0,46,0.1,0,1.2,1,0,3,0,0,0.1
04-05-2021,0-59,2,0,44,0.1,0,1.2,0,0,1,0,0,0
04-05-2021,All population,5,0,77,0.1,0,2,1,0,3,0,0,0.1
04-05-2021,60+,3,0,33,0.2,0,16.9,1,0,2,0.1,0,1
05-05-2021,All population,5,0,76,0.1,0,1.9,0,0,3,0,0,0.1
05-05-2021,60+,3,0,33,0.2,0,17,0,0,2,0,0,1
05-05-2021,0-59,2,0,43,0.1,0,1.2,0,0,1,0,0,0
06-05-2021,60+,2,0,30,0.1,0,15.5,0,0,2,0,0,1
06-05-2021,0-59,1,0,41,0,0,1.1,0,0,0,0,0,0
06-05-2021,All population,3,0,71,0.1,0,1.8,0,0,2,0,0,0.1
07-05-2021,60+,2,0,28,0.1,0,14.5,0,0,1,0,0,0.5
07-05-2021,0-59,1,0,41,0,0,1.1,0,0,1,0,0,0
07-05-2021,All population,3,0,69,0.1,0,1.8,0,0,2,0,0,0.1
08-05-2021,60+,3,0,28,0.2,0,14.5,2,0,1,0.1,0,0.5
08-05-2021,0-59,1,0,39,0,0,1,0,0,0,0,0,0
08-05-2021,All population,4,0,67,0.1,0,1.7,2,0,1,0,0,0
09-05-2021,60+,3,0,25,0.2,0,12.9,0,0,0,0,0,0
09-05-2021,All population,5,0,63,0.1,0,1.6,1,0,0,0,0,0
09-05-2021,0-59,2,0,38,0.1,0,1,1,0,0,0,0,0
10-05-2021,All population,4,0,59,0.1,0,1.5,0,0,1,0,0,0
10-05-2021,60+,3,0,25,0.2,0,13,0,0,1,0,0,0.5
10-05-2021,0-59,1,0,34,0,0,0.9,0,0,0,0,0,0
11-05-2021,0-59,1,0,34,0,0,0.9,0,0,1,0,0,0
11-05-2021,60+,2,0,25,0.1,0,13,0,0,1,0,0,0.5
11-05-2021,All population,3,0,59,0.1,0,1.5,0,0,2,0,0,0.1
12-05-2021,60+,2,0,24,0.1,0,12.5,0,0,0,0,0,0
12-05-2021,All population,3,0,55,0.1,0,1.4,0,0,0,0,0,0
12-05-2021,0-59,1,0,31,0,0,0.8,0,0,0,0,0,0
13-05-2021,All population,0,0,52,0,0,1.3,0,0,1,0,0,0
13-05-2021,0-59,0,0,28,0,0,0.8,0,0,0,0,0,0
13-05-2021,60+,0,0,24,0,0,12.5,0,0,1,0,0,0.5
14-05-2021,60+,0,0,26,0,0,13.6,0,0,2,0,0,1
14-05-2021,0-59,0,0,27,0,0,0.7,0,0,0,0,0,0
14-05-2021,All population,0,0,53,0,0,1.4,0,0,2,0,0,0.1
15-05-2021,All population,0,0,50,0,0,1.3,0,0,0,0,0,0
15-05-2021,60+,0,0,23,0,0,12,0,0,0,0,0,0
15-05-2021,0-59,0,0,27,0,0,0.7,0,0,0,0,0,0
16-05-2021,All population,1,0,53,0,0,1.4,1,0,3,0,0,0.1
16-05-2021,60+,1,0,25,0.1,0,13.1,1,0,2,0.1,0,1
16-05-2021,0-59,0,0,28,0,0,0.8,0,0,1,0,0,0
17-05-2021,0-59,0,0,27,0,0,0.7,0,0,0,0,0,0
17-05-2021,All population,0,0,49,0,0,1.3,0,0,0,0,0,0
17-05-2021,60+,0,0,22,0,0,11.5,0,0,0,0,0,0
18-05-2021,All population,1,0,46,0,0,1.2,1,0,1,0,0,0
18-05-2021,0-59,0,0,25,0,0,0.7,0,0,0,0,0,0
18-05-2021,60+,1,0,21,0.1,0,11,1,0,1,0.1,0,0.5
19-05-2021,0-59,0,0,24,0,0,0.6,0,0,0,0,0,0
19-05-2021,60+,1,0,21,0.1,0,11.1,0,0,2,0,0,1.1
19-05-2021,All population,1,0,45,0,0,1.2,0,0,2,0,0,0.1
20-05-2021,0-59,0,0,25,0,0,0.7,0,0,2,0,0,0.1
20-05-2021,60+,3,0,22,0.2,0,11.6,2,0,1,0.1,0,0.5
20-05-2021,All population,3,0,47,0.1,0,1.2,2,0,3,0,0,0.1
21-05-2021,60+,2,0,22,0.1,0,11.6,0,0,0,0,0,0
21-05-2021,0-59,0,0,21,0,0,0.6,0,0,0,0,0,0
21-05-2021,All population,2,0,43,0,0,1.1,0,0,0,0,0,0
22-05-2021,60+,2,0,22,0.1,0,11.6,0,0,0,0,0,0
22-05-2021,All population,2,0,43,0,0,1.1,0,0,1,0,0,0
22-05-2021,0-59,0,0,21,0,0,0.6,0,0,1,0,0,0
23-05-2021,60+,3,0,22,0.2,0,11.7,1,0,0,0.1,0,0
23-05-2021,All population,3,0,43,0.1,0,1.1,1,0,1,0,0,0
23-05-2021,0-59,0,0,21,0,0,0.6,0,0,1,0,0,0
24-05-2021,0-59,0,0,20,0,0,0.5,0,0,1,0,0,0
24-05-2021,60+,3,0,22,0.2,0,11.7,1,0,0,0.1,0,0
24-05-2021,All population,3,0,42,0.1,0,1.1,1,0,1,0,0,0
25-05-2021,0-59,0,0,19,0,0,0.5,0,0,0,0,0,0
25-05-2021,All population,2,0,41,0,0,1.1,0,0,0,0,0,0
25-05-2021,60+,2,0,22,0.1,0,11.7,0,0,0,0,0,0
26-05-2021,All population,2,0,38,0,0,1,0,0,0,0,0,0
26-05-2021,0-59,0,0,16,0,0,0.4,0,0,0,0,0,0
26-05-2021,60+,2,0,22,0.1,0,11.7,0,0,0,0,0,0
27-05-2021,0-59,0,0,14,0,0,0.4,0,0,0,0,0,0
27-05-2021,All population,2,0,36,0,0,0.9,0,0,2,0,0,0.1
27-05-2021,60+,2,0,22,0.1,0,11.8,0,0,2,0,0,1.1
28-05-2021,0-59,0,0,15,0,0,0.4,0,0,1,0,0,0
28-05-2021,All population,1,0,35,0,0,0.9,0,0,1,0,0,0
28-05-2021,60+,1,0,20,0.1,0,10.7,0,0,0,0,0,0
29-05-2021,0-59,0,0,15,0,0,0.4,0,0,0,0,0,0
29-05-2021,60+,1,0,20,0.1,0,10.7,0,0,0,0,0,0
29-05-2021,All population,1,0,35,0,0,0.9,0,0,0,0,0,0
30-05-2021,All population,1,0,35,0,0,0.9,0,0,1,0,0,0
30-05-2021,0-59,0,0,16,0,0,0.4,0,0,1,0,0,0
30-05-2021,60+,1,0,19,0.1,0,10.2,0,0,0,0,0,0
31-05-2021,0-59,0,0,15,0,0,0.4,0,0,0,0,0,0
31-05-2021,All population,2,0,34,0,0,0.9,1,0,0,0,0,0
31-05-2021,60+,2,0,19,0.1,0,10.2,1,0,0,0.1,0,0
01-06-2021,60+,2,0,19,0.1,0,10.2,0,0,1,0,0,0.5
01-06-2021,0-59,0,0,15,0,0,0.4,0,0,2,0,0,0.1
01-06-2021,All population,2,0,34,0,0,0.9,0,0,3,0,0,0.1
02-06-2021,All population,3,0,29,0.1,0,0.7,1,0,0,0,0,0
02-06-2021,0-59,0,0,11,0,0,0.3,0,0,0,0,0,0
02-06-2021,60+,3,0,18,0.2,0,9.7,1,0,0,0.1,0,0
03-06-2021,All population,3,0,29,0.1,0,0.7,0,0,1,0,0,0
03-06-2021,0-59,0,0,12,0,0,0.3,0,0,1,0,0,0
03-06-2021,60+,3,0,17,0.2,0,9.2,0,0,0,0,0,0
04-06-2021,All population,3,0,28,0.1,0,0.7,0,0,1,0,0,0
04-06-2021,0-59,0,0,11,0,0,0.3,0,0,0,0,0,0
04-06-2021,60+,3,0,17,0.2,0,9.2,0,0,1,0,0,0.5
05-06-2021,All population,2,0,28,0,0,0.7,0,0,1,0,0,0
05-06-2021,60+,2,0,17,0.1,0,9.2,0,0,0,0,0,0
05-06-2021,0-59,0,0,11,0,0,0.3,0,0,1,0,0,0
06-06-2021,60+,2,0,19,0.1,0,10.3,1,0,2,0.1,0,1.1
06-06-2021,0-59,0,0,11,0,0,0.3,0,0,0,0,0,0
06-06-2021,All population,2,0,30,0,0,0.8,1,0,2,0,0,0.1
07-06-2021,All population,1,0,27,0,0,0.7,0,0,0,0,0,0
07-06-2021,60+,1,0,18,0.1,0,9.8,0,0,0,0,0,0
07-06-2021,0-59,0,0,9,0,0,0.2,0,0,0,0,0,0
08-06-2021,60+,2,0,17,0.1,0,9.2,1,0,0,0.1,0,0
08-06-2021,All population,2,0,26,0,0,0.7,1,0,0,0,0,0
08-06-2021,0-59,0,0,9,0,0,0.2,0,0,0,0,0,0
09-06-2021,0-59,0,0,9,0,0,0.2,0,0,0,0,0,0
09-06-2021,All population,2,0,26,0,0,0.7,0,0,0,0,0,0
09-06-2021,60+,2,0,17,0.1,0,9.3,0,0,0,0,0,0
10-06-2021,All population,2,0,26,0,0,0.7,0,0,1,0,0,0
10-06-2021,60+,2,0,16,0.1,0,8.7,0,0,0,0,0,0
10-06-2021,0-59,0,0,10,0,0,0.3,0,0,1,0,0,0
11-06-2021,All population,2,0,26,0,0,0.7,0,0,0,0,0,0
11-06-2021,0-59,0,0,10,0,0,0.3,0,0,0,0,0,0
11-06-2021,60+,2,0,16,0.1,0,8.7,0,0,0,0,0,0
12-06-2021,0-59,0,0,8,0,0,0.2,0,0,0,0,0,0
12-06-2021,All population,2,0,24,0,0,0.6,0,0,0,0,0,0
12-06-2021,60+,2,0,16,0.1,0,8.7,0,0,0,0,0,0
13-06-2021,0-59,0,0,8,0,0,0.2,0,0,0,0,0,0
13-06-2021,60+,2,0,16,0.1,0,8.8,0,0,0,0,0,0
13-06-2021,All population,2,0,24,0,0,0.6,0,0,0,0,0,0
14-06-2021,All population,3,0,23,0.1,0,0.6,1,0,0,0,0,0
14-06-2021,60+,3,0,15,0.2,0,8.2,1,0,0,0.1,0,0
14-06-2021,0-59,0,0,8,0,0,0.2,0,0,0,0,0,0
15-06-2021,60+,3,0,12,0.2,0,6.6,0,0,0,0,0,0
15-06-2021,All population,3,0,20,0.1,0,0.5,0,0,0,0,0,0
15-06-2021,0-59,0,0,8,0,0,0.2,0,0,0,0,0,0
16-06-2021,All population,3,0,17,0.1,0,0.4,0,0,0,0,0,0
16-06-2021,0-59,0,0,6,0,0,0.2,0,0,0,0,0,0
16-06-2021,60+,3,0,11,0.2,0,6,0,0,0,0,0,0
17-06-2021,All population,3,0,17,0.1,0,0.4,0,0,1,0,0,0
17-06-2021,60+,3,0,11,0.2,0,6.1,0,0,1,0,0,0.6
17-06-2021,0-59,0,0,6,0,0,0.2,0,0,0,0,0,0
18-06-2021,All population,2,0,16,0,0,0.4,0,0,0,0,0,0
18-06-2021,60+,2,0,10,0.1,0,5.5,0,0,0,0,0,0
18-06-2021,0-59,0,0,6,0,0,0.2,0,0,0,0,0,0
19-06-2021,All population,2,0,16,0,0,0.4,0,0,0,0,0,0
19-06-2021,60+,2,0,10,0.1,0,5.5,0,0,0,0,0,0
19-06-2021,0-59,0,0,6,0,0,0.2,0,0,0,0,0,0
20-06-2021,0-59,0,0,7,0,0,0.2,0,0,1,0,0,0
20-06-2021,All population,3,0,17,0.1,0,0.4,1,0,1,0,0,0
20-06-2021,60+,3,0,10,0.2,0,5.5,1,0,0,0.1,0,0
21-06-2021,60+,3,0,10,0.2,0,5.5,0,0,0,0,0,0
21-06-2021,All population,3,0,17,0.1,0,0.4,0,0,0,0,0,0
21-06-2021,0-59,0,0,7,0,0,0.2,0,0,0,0,0,0
22-06-2021,0-59,0,0,8,0,0,0.2,0,0,1,0,0,0
22-06-2021,60+,3,0,12,0.2,0,6.7,0,0,2,0,0,1.1
22-06-2021,All population,3,0,20,0.1,0,0.5,0,0,3,0,0,0.1
23-06-2021,All population,3,0,19,0.1,0,0.5,0,0,0,0,0,0
23-06-2021,60+,3,0,12,0.2,0,6.7,0,0,0,0,0,0
23-06-2021,0-59,0,0,7,0,0,0.2,0,0,0,0,0,0
24-06-2021,0-59,0,0,7,0,0,0.2,0,0,0,0,0,0
24-06-2021,All population,3,0,18,0.1,0,0.5,0,0,0,0,0,0
24-06-2021,60+,3,0,11,0.2,0,6.1,0,0,0,0,0,0
25-06-2021,All population,4,0,17,0.1,0,0.4,1,0,0,0,0,0
25-06-2021,0-59,0,0,7,0,0,0.2,0,0,0,0,0,0
25-06-2021,60+,4,0,10,0.3,0,5.6,1,0,0,0.1,0,0
26-06-2021,All population,5,0,17,0.1,0,0.4,1,0,0,0,0,0
26-06-2021,0-59,0,0,7,0,0,0.2,0,0,0,0,0,0
26-06-2021,60+,5,0,10,0.4,0,5.6,1,0,0,0.1,0,0
27-06-2021,All population,5,0,15,0.1,0,0.4,0,0,0,0,0,0
27-06-2021,60+,5,0,9,0.4,0,5,0,0,0,0,0,0
27-06-2021,0-59,0,0,6,0,0,0.2,0,0,0,0,0,0
28-06-2021,60+,4,0,9,0.3,0,5.1,0,0,0,0,0,0
28-06-2021,0-59,0,0,6,0,0,0.2,0,0,0,0,0,0
28-06-2021,All population,4,0,15,0.1,0,0.4,0,0,0,0,0,0
29-06-2021,0-59,0,0,6,0,0,0.2,0,0,0,0,0,0
29-06-2021,60+,4,0,9,0.3,0,5.1,0,0,0,0,0,0
29-06-2021,All population,4,0,15,0.1,0,0.4,0,0,0,0,0,0
30-06-2021,All population,7,0,15,0.1,0,0.4,4,0,1,0.1,0,0
30-06-2021,0-59,0,0,5,0,0,0.1,0,0,0,0,0,0
30-06-2021,60+,7,0,10,0.5,0,5.6,4,0,1,0.3,0,0.6
01-07-2021,All population,7,0,15,0.1,0,0.4,0,0,0,0,0,0
01-07-2021,60+,7,0,10,0.5,0,5.7,0,0,0,0,0,0
01-07-2021,0-59,0,0,5,0,0,0.1,0,0,0,0,0,0
02-07-2021,60+,8,0,11,0.6,0,6.2,1,0,1,0.1,0,0.6
02-07-2021,All population,8,0,17,0.1,0,0.5,1,0,2,0,0,0.1
02-07-2021,0-59,0,0,6,0,0,0.2,0,0,1,0,0,0
03-07-2021,0-59,0,0,7,0,0,0.2,0,0,1,0,0,0
03-07-2021,All population,9,0,18,0.2,0,0.5,2,0,2,0,0,0.1
03-07-2021,60+,9,0,11,0.7,0,6.3,2,0,1,0.1,0,0.6
04-07-2021,0-59,0,0,8,0,0,0.2,0,0,2,0,0,0.1
04-07-2021,60+,11,0,9,0.8,0,5.1,2,0,0,0.1,0,0
04-07-2021,All population,11,0,17,0.2,0,0.5,2,0,2,0,0,0.1
05-07-2021,0-59,0,0,10,0,0,0.3,0,0,2,0,0,0.1
05-07-2021,All population,12,0,20,0.2,0,0.5,2,0,3,0,0,0.1
05-07-2021,60+,12,0,10,0.9,0,5.7,2,0,1,0.1,0,0.6
06-07-2021,All population,13,0,22,0.2,0,0.6,4,0,3,0.1,0,0.1
06-07-2021,60+,12,0,10,0.9,0,5.7,3,0,0,0.2,0,0
06-07-2021,0-59,1,0,12,0,0,0.3,1,0,3,0,0,0.1
07-07-2021,All population,17,0,24,0.3,0,0.7,6,0,3,0.1,0,0.1
07-07-2021,60+,16,0,11,1.2,0,6.3,6,0,1,0.4,0,0.6
07-07-2021,0-59,1,0,13,0,0,0.4,0,0,2,0,0,0.1
08-07-2021,All population,18,0,23,0.3,0,0.6,5,0,2,0.1,0,0.1
08-07-2021,60+,18,0,11,1.3,0,6.4,5,0,1,0.4,0,0.6
08-07-2021,0-59,0,0,12,0,0,0.3,0,0,1,0,0,0
09-07-2021,0-59,2,0,11,0,0,0.3,2,0,0,0,0,0
09-07-2021,All population,19,0,20,0.4,0,0.6,5,0,0,0.1,0,0
09-07-2021,60+,17,0,9,1.2,0,5.2,3,0,0,0.2,0,0
10-07-2021,0-59,2,0,9,0,0,0.3,0,0,0,0,0,0
10-07-2021,All population,19,0,20,0.4,0,0.6,2,0,3,0,0,0.1
10-07-2021,60+,17,0,11,1.2,0,6.4,2,0,3,0.1,0,1.7
11-07-2021,0-59,2,0,7,0,0,0.2,0,0,0,0,0,0
11-07-2021,60+,26,0,13,1.9,0,7.6,11,0,2,0.8,0,1.2
11-07-2021,All population,28,0,20,0.5,0,0.6,11,0,2,0.2,0,0.1
12-07-2021,All population,30,0,19,0.6,0,0.5,6,0,1,0.1,0,0
12-07-2021,60+,28,0,11,2,0,6.4,6,0,0,0.4,0,0
12-07-2021,0-59,2,0,8,0,0,0.2,0,0,1,0,0,0
13-07-2021,All population,25,0,20,0.5,0,0.6,4,0,2,0.1,0,0.1
13-07-2021,0-59,1,0,9,0,0,0.3,1,0,2,0,0,0.1
13-07-2021,60+,24,0,11,1.7,0,6.4,3,0,0,0.2,0,0
14-07-2021,0-59,1,0,8,0,0,0.2,0,0,0,0,0,0
14-07-2021,All population,32,0,19,0.6,0,0.5,10,0,0,0.2,0,0
14-07-2021,60+,31,0,11,2.2,0,6.4,10,0,0,0.7,0,0
15-07-2021,All population,32,0,22,0.6,0,0.6,6,0,4,0.1,0,0.1
15-07-2021,60+,31,0,10,2.2,0,5.9,6,0,0,0.4,0,0
15-07-2021,0-59,1,0,12,0,0,0.4,0,0,4,0,0,0.1
16-07-2021,All population,29,0,19,0.5,0,0.5,6,0,0,0.1,0,0
16-07-2021,0-59,0,0,9,0,0,0.3,0,0,0,0,0,0
16-07-2021,60+,29,0,10,2.1,0,5.9,6,0,0,0.4,0,0
17-07-2021,0-59,0,0,11,0,0,0.3,0,0,3,0,0,0.1
17-07-2021,60+,35,0,11,2.5,0,6.5,11,0,2,0.8,0,1.2
17-07-2021,All population,35,0,22,0.6,0,0.6,11,0,5,0.2,0,0.1
18-07-2021,0-59,1,0,13,0,0,0.4,1,0,3,0,0,0.1
18-07-2021,All population,41,0,24,0.8,0,0.7,12,0,5,0.2,0,0.1
18-07-2021,60+,40,0,11,2.9,0,6.5,11,0,2,0.8,0,1.2
19-07-2021,0-59,2,0,6,0,0,0.2,1,0,0,0,0,0
19-07-2021,60+,41,0,11,3,0,6.5,7,0,3,0.5,0,1.8
19-07-2021,All population,43,0,17,0.8,0,0.5,8,0,3,0.1,0,0.1
20-07-2021,0-59,2,0,10,0,0,0.3,0,0,5,0,0,0.1
20-07-2021,60+,36,0,12,2.6,0,7.1,4,0,2,0.3,0,1.2
20-07-2021,All population,38,0,22,0.7,0,0.6,4,0,7,0.1,0,0.2
21-07-2021,All population,38,0,27,0.7,0,0.8,6,0,7,0.1,0,0.2
21-07-2021,60+,35,0,13,2.5,0,7.7,5,0,3,0.4,0,1.8
21-07-2021,0-59,3,0,14,0.1,0,0.4,1,0,4,0,0,0.1
22-07-2021,All population,44,1,29,0.8,1.7,0.8,13,1,3,0.2,1.7,0.1
22-07-2021,0-59,5,0,15,0.1,0,0.4,3,0,1,0.1,0,0
22-07-2021,60+,39,1,14,2.9,2.9,8.3,10,1,2,0.7,2.9,1.2
23-07-2021,0-59,6,0,17,0.1,0,0.5,2,0,3,0,0,0.1
23-07-2021,60+,48,1,13,3.7,1.3,7.7,14,0,2,1.1,0,1.2
23-07-2021,All population,54,1,30,1,0.9,0.8,16,0,5,0.3,0,0.1
24-07-2021,All population,57,2,28,1.1,1.1,0.8,11,1,4,0.2,0.5,0.1
24-07-2021,0-59,8,0,14,0.2,0,0.4,2,0,2,0,0,0.1
24-07-2021,60+,49,2,14,3.9,1.6,8.3,9,1,2,0.7,0.8,1.2
25-07-2021,All population,62,2,31,1.2,0.9,0.9,17,0,5,0.3,0,0.1
25-07-2021,60+,57,2,14,4.6,1.3,8.3,17,0,2,1.4,0,1.2
25-07-2021,0-59,5,0,17,0.1,0,0.5,0,0,3,0,0,0.1
26-07-2021,All population,78,3,39,1.5,1.2,1.1,25,1,13,0.5,0.4,0.4
26-07-2021,0-59,6,0,22,0.1,0,0.6,1,0,7,0,0,0.2
26-07-2021,60+,72,3,17,5.9,1.7,10.2,24,1,6,2,0.6,3.6
27-07-2021,All population,91,8,52,1.8,2.4,1.5,23,5,16,0.4,1.5,0.4
27-07-2021,60+,84,8,27,7.3,3.3,16.2,22,5,10,1.9,2.1,6
27-07-2021,0-59,7,0,25,0.2,0,0.7,1,0,6,0,0,0.2
28-07-2021,All population,80,12,55,1.6,2.7,1.5,10,6,9,0.2,1.3,0.3
28-07-2021,60+,72,12,28,6.7,3.7,16.8,9,6,4,0.8,1.9,2.4
28-07-2021,0-59,8,0,27,0.2,0,0.8,1,0,5,0,0,0.1
29-07-2021,60+,66,16,33,6.7,3.9,19.8,11,7,7,1.1,1.7,4.2
29-07-2021,0-59,8,0,29,0.2,0,0.9,1,0,6,0,0,0.2
29-07-2021,All population,74,16,62,1.5,2.7,1.7,12,7,13,0.2,1.2,0.4
30-07-2021,All population,88,27,60,1.8,3.7,1.7,21,14,6,0.4,1.9,0.2
30-07-2021,0-59,7,0,25,0.2,0,0.7,2,0,2,0.1,0,0.1
30-07-2021,60+,81,27,35,9.1,5.4,21.1,19,14,4,2.1,2.8,2.4
31-07-2021,All population,94,31,67,2,3.5,1.9,15,8,14,0.3,0.9,0.4
31-07-2021,0-59,7,0,26,0.2,0,0.8,0,0,4,0,0,0.1
31-07-2021,60+,87,31,41,10.9,5.3,24.7,15,8,10,1.9,1.4,6
01-08-2021,All population,89,35,67,1.9,3.8,1.9,13,8,8,0.3,0.9,0.2
01-08-2021,60+,82,35,41,10.8,5.8,24.8,12,8,5,1.6,1.3,3
01-08-2021,0-59,7,0,26,0.2,0,0.8,1,0,3,0,0,0.1
02-08-2021,All population,99,41,69,2.2,4.4,1.9,23,9,13,0.5,1,0.4
02-08-2021,0-59,11,0,30,0.3,0,0.9,4,0,7,0.1,0,0.2
02-08-2021,60+,88,41,39,12,7.1,23.6,19,9,6,2.6,1.6,3.6
03-08-2021,All population,95,58,71,2.1,5.8,2,17,22,13,0.4,2.2,0.4
03-08-2021,60+,86,58,42,12.9,9.9,25.5,15,22,8,2.3,3.8,4.9
03-08-2021,0-59,9,0,29,0.2,0,0.9,2,0,5,0.1,0,0.1
04-08-2021,All population,88,65,79,2,6.1,2.2,12,19,17,0.3,1.8,0.5
04-08-2021,60+,79,64,45,13,11.1,27.4,11,18,8,1.8,3.1,4.9
04-08-2021,0-59,9,1,34,0.2,0.2,1,1,1,9,0,0.2,0.3
05-08-2021,60+,80,76,52,14.4,13.7,31.7,13,24,14,2.3,4.3,8.5
05-08-2021,All population,89,77,87,2.1,7,2.5,15,24,23,0.4,2.2,0.7
05-08-2021,0-59,9,1,35,0.2,0.2,1,2,0,9,0.1,0,0.3
06-08-2021,All population,90,89,91,2.2,7.6,2.6,15,24,16,0.4,2,0.5
06-08-2021,60+,81,85,53,15.9,15,32.4,14,21,9,2.7,3.7,5.5
06-08-2021,0-59,9,4,38,0.2,0.7,1.1,1,3,7,0,0.5,0.2
07-08-2021,0-59,11,6,46,0.3,0.9,1.4,3,3,10,0.1,0.4,0.3
07-08-2021,All population,96,117,111,2.4,9.2,3.1,16,38,25,0.4,3,0.7
07-08-2021,60+,85,111,65,18.1,18.9,39.8,13,35,15,2.8,6,9.2
08-08-2021,0-59,13,8,52,0.4,1.1,1.5,3,3,9,0.1,0.4,0.3
08-08-2021,60+,87,123,84,18.2,23.1,51.6,15,31,23,3.1,5.8,14.1
08-08-2021,All population,100,131,136,2.5,10.5,3.9,18,34,32,0.4,2.7,0.9
09-08-2021,60+,84,136,87,16.3,28.7,53.6,14,30,14,2.7,6.3,8.6
09-08-2021,0-59,15,6,49,0.4,0.8,1.5,4,1,7,0.1,0.1,0.2
09-08-2021,All population,99,142,136,2.5,11.6,3.9,18,31,21,0.4,2.5,0.6
10-08-2021,0-59,16,8,52,0.5,1,1.6,4,3,7,0.1,0.4,0.2
10-08-2021,60+,84,140,88,14.9,33,54.4,16,28,14,2.8,6.6,8.7
10-08-2021,All population,100,148,140,2.5,12.3,4,20,31,21,0.5,2.6,0.6
11-08-2021,60+,80,144,92,12.9,38,57.1,16,24,18,2.6,6.3,11.2
11-08-2021,0-59,17,10,56,0.5,1.2,1.7,3,5,8,0.1,0.6,0.2
11-08-2021,All population,97,154,148,2.4,13,4.2,19,29,26,0.5,2.5,0.7
12-08-2021,All population,93,172,164,2.3,14.8,4.7,13,36,29,0.3,3.1,0.8
12-08-2021,0-59,13,10,66,0.4,1.2,2,0,1,13,0,0.1,0.4
12-08-2021,60+,80,162,98,11.6,48.6,61.1,13,35,16,1.9,10.5,10
13-08-2021,60+,92,154,115,12.7,48.4,71.9,24,22,31,3.3,6.9,19.4
13-08-2021,All population,105,164,187,2.6,14.1,5.4,25,24,50,0.6,2.1,1.4
13-08-2021,0-59,13,10,72,0.4,1.2,2.2,1,2,19,0,0.2,0.6
14-08-2021,0-59,13,12,75,0.4,1.4,2.3,4,3,11,0.1,0.3,0.3
14-08-2021,60+,103,156,120,13.9,50.3,75.2,21,24,19,2.8,7.7,11.9
14-08-2021,All population,116,168,195,2.8,14.2,5.6,25,27,30,0.6,2.3,0.9
15-08-2021,All population,114,193,213,2.8,17.2,6.1,19,48,37,0.5,4.3,1.1
15-08-2021,60+,99,171,130,12.2,61.5,81.8,16,38,23,2,13.7,14.5
15-08-2021,0-59,15,22,83,0.5,2.6,2.5,3,10,14,0.1,1.2,0.4
16-08-2021,60+,101,156,138,11.5,62.6,87.2,16,25,21,1.8,10,13.3
16-08-2021,0-59,14,21,85,0.4,2.6,2.6,2,3,12,0.1,0.4,0.4
16-08-2021,All population,115,177,223,2.7,16.5,6.4,18,28,33,0.4,2.6,0.9
17-08-2021,All population,124,186,237,2.9,17.5,6.8,25,32,37,0.6,3,1.1
17-08-2021,60+,109,155,147,11.6,68,93.3,22,20,23,2.3,8.8,14.6
17-08-2021,0-59,15,31,90,0.5,3.7,2.7,3,12,14,0.1,1.4,0.4
18-08-2021,All population,132,182,264,3.1,17.1,7.6,23,26,50,0.5,2.4,1.4
18-08-2021,0-59,18,33,101,0.6,3.9,3.1,5,5,20,0.2,0.6,0.6
18-08-2021,60+,114,149,163,11.5,70.9,103.9,18,21,30,1.8,10,19.1
19-08-2021,60+,110,150,159,10.6,77.3,101.8,10,24,24,1,12.4,15.4
19-08-2021,0-59,19,31,107,0.6,3.6,3.2,3,4,15,0.1,0.5,0.5
19-08-2021,All population,129,181,266,3.1,17,7.7,13,28,39,0.3,2.6,1.1
20-08-2021,0-59,20,33,104,0.6,3.7,3.2,4,4,19,0.1,0.4,0.6
20-08-2021,60+,110,143,172,10.4,75.9,110.5,20,19,26,1.9,10.1,16.7
20-08-2021,All population,130,176,276,3.1,16.3,8,24,23,45,0.6,2.1,1.3
21-08-2021,60+,116,151,187,10.9,80.4,120.3,12,24,30,1.1,12.8,19.3
21-08-2021,0-59,24,35,116,0.8,3.8,3.5,4,5,23,0.1,0.5,0.7
21-08-2021,All population,140,186,303,3.4,16.8,8.8,16,29,53,0.4,2.6,1.5
22-08-2021,All population,146,205,312,3.5,19.5,9.1,21,41,43,0.5,3.9,1.3
22-08-2021,60+,121,164,189,11,94.2,122.1,17,30,25,1.5,17.2,16.2
22-08-2021,0-59,25,41,123,0.8,4.7,3.8,4,11,18,0.1,1.3,0.5
23-08-2021,60+,125,149,207,11,91.8,134.4,21,14,40,1.9,8.6,26
23-08-2021,All population,150,186,337,3.5,18.5,9.8,27,18,68,0.6,1.8,2
23-08-2021,0-59,25,37,130,0.8,4.4,4,6,4,28,0.2,0.5,0.9
24-08-2021,60+,136,135,213,11.8,87.7,138.9,26,13,31,2.3,8.4,20.2
24-08-2021,All population,157,165,348,3.7,16.6,10.2,28,16,52,0.7,1.6,1.5
24-08-2021,0-59,21,30,135,0.7,3.6,4.1,2,3,21,0.1,0.4,0.6
25-08-2021,60+,126,139,218,10.7,93.7,142.8,17,18,35,1.4,12.1,22.9
25-08-2021,All population,148,169,361,3.4,17.1,10.6,21,23,62,0.5,2.3,1.8
25-08-2021,0-59,22,30,143,0.7,3.6,4.4,4,5,27,0.1,0.6,0.8
26-08-2021,0-59,22,33,148,0.7,3.9,4.6,1,8,27,0,1,0.8
26-08-2021,All population,142,163,368,3.3,16.6,10.9,16,23,56,0.4,2.3,1.7
26-08-2021,60+,120,130,220,10.1,90.9,144.6,15,15,29,1.3,10.5,19.1
27-08-2021,All population,143,165,371,3.3,16.5,11,28,21,48,0.7,2.1,1.4
27-08-2021,0-59,23,33,146,0.7,3.8,4.5,6,2,17,0.2,0.2,0.5
27-08-2021,60+,120,132,225,10,93.1,148.3,22,19,31,1.8,13.4,20.4
28-08-2021,All population,149,164,360,3.5,15.8,10.6,20,19,42,0.5,1.8,1.2
28-08-2021,0-59,26,33,143,0.8,3.7,4.4,5,4,19,0.2,0.4,0.6
28-08-2021,60+,123,131,217,10.3,92.2,143.2,15,15,23,1.3,10.6,15.2
29-08-2021,All population,164,165,403,3.8,16.3,11.9,27,21,64,0.6,2.1,1.9
29-08-2021,0-59,31,35,163,1,4,5.1,5,3,29,0.2,0.3,0.9
29-08-2021,60+,133,130,240,11,95.3,159.1,22,18,35,1.8,13.2,23.2
30-08-2021,60+,134,122,242,10.9,93.4,161.1,20,14,32,1.6,10.7,21.3
30-08-2021,All population,164,158,407,3.7,16.4,12.1,26,18,61,0.6,1.9,1.8
30-08-2021,0-59,30,36,165,1,4.3,5.1,6,4,29,0.2,0.5,0.9
31-08-2021,All population,153,154,384,3.5,16.4,11.5,17,25,46,0.4,2.7,1.4
31-08-2021,0-59,30,31,159,0.9,3.8,5,4,4,19,0.1,0.5,0.6
31-08-2021,60+,123,123,225,9.9,96.9,150.4,13,21,27,1.1,16.5,18
01-09-2021,0-59,34,25,155,1.1,3.1,4.9,5,3,20,0.2,0.4,0.6
01-09-2021,60+,117,114,229,9.4,91.5,153.7,13,14,38,1,11.2,25.5
01-09-2021,All population,151,139,384,3.4,15.1,11.5,18,17,58,0.4,1.8,1.7
02-09-2021,All population,142,138,378,3.2,15.6,11.4,18,21,40,0.4,2.4,1.2
02-09-2021,0-59,29,27,151,0.9,3.5,4.7,1,4,17,0,0.5,0.5
02-09-2021,60+,113,111,227,9,90.8,153,17,17,23,1.4,13.9,15.5
03-09-2021,60+,107,106,220,8.5,86.8,148.5,11,13,26,0.9,10.6,17.6
03-09-2021,All population,135,133,379,3,15,11.4,13,18,46,0.3,2,1.4
03-09-2021,0-59,28,27,159,0.9,3.5,5,2,5,20,0.1,0.7,0.6
04-09-2021,All population,141,130,379,3.2,14.4,11.4,18,14,40,0.4,1.6,1.2
04-09-2021,0-59,32,27,162,1,3.5,5.1,6,2,16,0.2,0.3,0.5
04-09-2021,60+,109,103,217,8.7,84,146.7,12,12,24,1,9.8,16.2
05-09-2021,60+,109,97,233,8.7,80.8,158.2,13,6,33,1,5,22.4
05-09-2021,0-59,34,25,170,1.1,3.3,5.4,4,2,21,0.1,0.3,0.7
05-09-2021,All population,143,122,403,3.2,14,12.2,17,8,54,0.4,0.9,1.6
06-09-2021,All population,130,110,389,2.9,12.7,11.7,10,8,32,0.2,0.9,1
06-09-2021,60+,96,87,224,7.6,72.8,152.4,6,6,20,0.5,5,13.6
06-09-2021,0-59,34,23,165,1,3.1,5.2,4,2,12,0.1,0.3,0.4
07-09-2021,60+,97,78,223,7.6,64.6,151.9,15,6,31,1.2,5,21.1
07-09-2021,0-59,36,26,164,1.1,3.4,5.2,3,4,22,0.1,0.5,0.7
07-09-2021,All population,133,104,387,2.9,11.6,11.7,18,10,53,0.4,1.1,1.6
08-09-2021,0-59,38,25,181,1.1,3.1,5.7,4,1,22,0.1,0.1,0.7
08-09-2021,60+,92,79,227,7.2,64.7,154.9,8,8,22,0.6,6.6,15
08-09-2021,All population,130,104,408,2.8,11.2,12.3,12,9,44,0.3,1,1.3
09-09-2021,All population,125,101,428,2.7,11.1,13,12,6,52,0.3,0.7,1.6
09-09-2021,0-59,34,25,192,1,3.2,6.1,1,1,26,0,0.1,0.8
09-09-2021,60+,91,76,236,7.1,63.3,161.6,11,5,26,0.9,4.2,17.8
10-09-2021,0-59,31,24,190,0.9,3,6,4,4,21,0.1,0.5,0.7
10-09-2021,All population,125,99,429,2.7,10.7,13,21,17,46,0.4,1.8,1.4
10-09-2021,60+,94,75,239,7.4,62.2,164.1,17,13,25,1.3,10.8,17.2
11-09-2021,60+,85,71,243,6.7,58.1,167.1,7,8,30,0.5,6.5,20.6
11-09-2021,All population,116,96,445,2.5,10,13.5,9,11,52,0.2,1.1,1.6
11-09-2021,0-59,31,25,202,0.9,3,6.4,2,3,22,0.1,0.4,0.7
12-09-2021,0-59,35,29,207,1,3.5,6.6,4,8,25,0.1,1,0.8
12-09-2021,60+,85,71,250,6.6,59.2,172.5,13,6,28,1,5,19.3
12-09-2021,All population,120,100,458,2.6,10.6,13.9,17,14,54,0.4,1.5,1.6
13-09-2021,0-59,34,31,198,1,3.8,6.3,3,6,26,0.1,0.7,0.8
13-09-2021,60+,84,68,238,6.6,57.8,164.8,8,7,25,0.6,5.9,17.3
13-09-2021,All population,118,99,437,2.5,10.7,13.3,11,13,51,0.2,1.4,1.6
14-09-2021,60+,81,66,232,6.3,56.1,161.1,11,6,29,0.9,5.1,20.1
14-09-2021,All population,112,94,438,2.4,10,13.3,12,10,55,0.3,1.1,1.7
14-09-2021,0-59,31,28,205,0.9,3.4,6.5,1,4,26,0,0.5,0.8
15-09-2021,0-59,30,25,214,0.9,2.9,6.8,2,2,28,0.1,0.2,0.9
15-09-2021,All population,108,90,435,2.3,9.3,13.3,14,12,51,0.3,1.2,1.6
15-09-2021,60+,78,65,220,6.1,54.3,153.1,12,10,23,0.9,8.4,16
16-09-2021,60+,72,66,222,5.6,53.7,154.6,3,7,31,0.2,5.7,21.6
16-09-2021,All population,97,94,425,2.1,9.2,13,4,11,47,0.1,1.1,1.4
16-09-2021,0-59,25,28,202,0.7,3.1,6.4,1,4,16,0,0.4,0.5
17-09-2021,0-59,25,30,217,0.7,3.3,6.9,1,5,29,0,0.6,0.9
17-09-2021,All population,105,97,450,2.3,9.4,13.7,10,10,52,0.2,1,1.6
17-09-2021,60+,80,67,232,6.3,54.5,162,9,5,23,0.7,4.1,16.1
18-09-2021,60+,77,72,256,6,57.8,179,9,10,45,0.7,8,31.5
18-09-2021,All population,106,98,481,2.3,9.2,14.7,13,13,81,0.3,1.2,2.5
18-09-2021,0-59,29,26,224,0.9,2.8,7.2,4,3,36,0.1,0.3,1.1
19-09-2021,0-59,24,28,231,0.7,3,7.4,0,4,30,0,0.4,1
19-09-2021,60+,84,69,264,6.6,56.3,185.2,12,4,34,0.9,3.3,23.9
19-09-2021,All population,108,97,496,2.3,9.2,15.2,12,8,64,0.3,0.8,2
20-09-2021,60+,84,73,250,6.6,59.8,175.9,9,10,30,0.7,8.2,21.1
20-09-2021,All population,107,97,478,2.3,9.1,14.6,12,12,59,0.3,1.1,1.8
20-09-2021,0-59,23,24,227,0.7,2.5,7.3,3,2,29,0.1,0.2,0.9
21-09-2021,All population,102,97,483,2.2,8.7,14.8,9,15,63,0.2,1.3,1.9
21-09-2021,60+,81,74,242,6.3,59.1,170.6,8,9,23,0.6,7.2,16.2
21-09-2021,0-59,21,23,240,0.6,2.3,7.7,1,6,40,0,0.6,1.3
22-09-2021,All population,105,103,509,2.3,9,15.6,9,15,63,0.2,1.3,1.9
22-09-2021,60+,84,80,264,6.6,63.1,186.6,7,11,35,0.5,8.7,24.7
22-09-2021,0-59,21,23,244,0.6,2.3,7.8,2,4,28,0.1,0.4,0.9
23-09-2021,All population,104,100,507,2.3,8.5,15.6,17,9,58,0.4,0.8,1.8
23-09-2021,0-59,23,20,256,0.7,1.9,8.2,4,2,36,0.1,0.2,1.2
23-09-2021,60+,81,80,251,6.4,62.7,177.9,13,7,22,1,5.5,15.6
24-09-2021,All population,98,90,498,2.2,7.5,15.3,8,12,46,0.2,1,1.4
24-09-2021,60+,77,69,245,6,53.4,174,8,7,24,0.6,5.4,17
24-09-2021,0-59,21,21,253,0.6,2,8.1,0,5,22,0,0.5,0.7
25-09-2021,0-59,20,19,248,0.6,1.7,8,1,2,24,0,0.2,0.8
25-09-2021,60+,77,70,238,6.1,53.2,169.3,10,8,24,0.8,6.1,17.1
25-09-2021,All population,97,89,486,2.2,7.2,15,11,10,48,0.2,0.8,1.5
26-09-2021,60+,76,70,249,6,53.9,177.7,9,4,29,0.7,3.1,20.7
26-09-2021,All population,97,91,502,2.1,7.5,15.5,11,7,54,0.2,0.6,1.7
26-09-2021,0-59,21,21,253,0.6,1.9,8.2,2,3,25,0.1,0.3,0.8
27-09-2021,0-59,22,21,248,0.7,2,8,3,3,26,0.1,0.3,0.8
27-09-2021,All population,89,86,487,2,7.2,15,8,8,46,0.2,0.7,1.4
27-09-2021,60+,67,65,239,5.3,50.6,171.1,5,5,20,0.4,3.9,14.3
28-09-2021,All population,91,81,472,2,6.6,14.6,11,10,37,0.2,0.8,1.1
28-09-2021,0-59,23,19,239,0.7,1.7,7.7,2,2,14,0.1,0.2,0.5
28-09-2021,60+,68,62,233,5.3,47.6,167.1,9,8,23,0.7,6.1,16.5
29-09-2021,0-59,20,20,237,0.6,1.9,7.7,0,3,15,0,0.3,0.5
29-09-2021,60+,69,60,243,5.4,47,175.1,8,5,24,0.6,3.9,17.3
29-09-2021,All population,89,80,480,2,6.7,14.9,8,8,39,0.2,0.7,1.2
30-09-2021,60+,64,57,237,5,46.6,171.8,4,8,25,0.3,6.5,18.1
30-09-2021,All population,80,80,457,1.8,7.1,14.2,5,12,40,0.1,1.1,1.2
30-09-2021,0-59,16,23,220,0.5,2.3,7.1,1,4,15,0,0.4,0.5
01-10-2021,0-59,15,23,211,0.5,2.3,6.9,1,1,13,0,0.1,0.4
01-10-2021,All population,75,73,440,1.7,6.5,13.7,6,6,37,0.1,0.5,1.2
01-10-2021,60+,60,50,229,4.7,40.9,166.6,5,5,24,0.4,4.1,17.5
02-10-2021,All population,69,71,433,1.5,6.3,13.5,2,7,34,0,0.6,1.1
02-10-2021,60+,56,47,224,4.4,38.2,163.3,2,3,18,0.2,2.4,13.1
02-10-2021,0-59,13,24,209,0.4,2.4,6.8,0,4,16,0,0.4,0.5
03-10-2021,60+,53,47,216,4.1,39.8,158.6,4,4,19,0.3,3.4,13.9
03-10-2021,0-59,14,24,208,0.4,2.5,6.8,1,2,10,0,0.2,0.3
03-10-2021,All population,67,71,424,1.5,6.6,13.3,5,6,29,0.1,0.6,0.9
04-10-2021,0-59,13,17,206,0.4,1.9,6.8,2,0,16,0.1,0,0.5
04-10-2021,60+,55,43,202,4.3,37.6,149.3,5,3,13,0.4,2.6,9.6
04-10-2021,All population,68,60,408,1.5,5.8,12.8,7,3,29,0.2,0.3,0.9
05-10-2021,60+,55,33,187,4.3,29.5,138.9,3,1,19,0.2,0.9,14.1
05-10-2021,All population,68,46,377,1.5,4.6,11.9,3,1,30,0.1,0.1,0.9
05-10-2021,0-59,13,13,190,0.4,1.5,6.2,0,0,11,0,0,0.4
06-10-2021,60+,48,27,177,3.7,24.4,132.2,2,3,11,0.2,2.7,8.2
06-10-2021,All population,61,42,371,1.3,4.3,11.7,5,6,29,0.1,0.6,0.9
06-10-2021,0-59,13,15,194,0.4,1.7,6.4,3,3,18,0.1,0.3,0.6
07-10-2021,60+,50,25,168,3.9,22.8,126,2,4,14,0.2,3.6,10.5
07-10-2021,All population,64,38,350,1.4,3.9,11.1,3,4,25,0.1,0.4,0.8
07-10-2021,0-59,14,13,182,0.4,1.5,6,1,0,11,0,0,0.4
08-10-2021,All population,55,40,353,1.2,4.2,11.2,1,6,37,0,0.6,1.2
08-10-2021,0-59,11,14,182,0.3,1.6,6,0,3,17,0,0.4,0.6
08-10-2021,60+,44,26,171,3.4,23.6,128.6,1,3,20,0.1,2.7,15
09-10-2021,All population,60,42,342,1.3,4.4,10.8,6,5,21,0.1,0.5,0.7
09-10-2021,60+,48,28,167,3.7,25.3,125.8,4,4,12,0.3,3.6,9
09-10-2021,0-59,12,14,175,0.3,1.6,5.8,2,1,9,0.1,0.1,0.3
10-10-2021,All population,58,41,345,1.2,4.3,10.9,4,3,24,0.1,0.3,0.8
10-10-2021,0-59,11,14,178,0.3,1.7,5.9,0,1,11,0,0.1,0.4
10-10-2021,60+,47,27,167,3.6,24.7,126.2,4,2,13,0.3,1.8,9.8
11-10-2021,60+,50,27,156,3.8,25,118.3,7,4,13,0.5,3.7,9.9
11-10-2021,0-59,12,13,169,0.3,1.6,5.6,1,1,7,0,0.1,0.2
11-10-2021,All population,62,40,325,1.3,4.3,10.3,8,5,20,0.2,0.5,0.6
12-10-2021,0-59,10,14,164,0.3,1.7,5.4,0,2,8,0,0.2,0.3
12-10-2021,All population,60,39,313,1.2,4.2,10,4,4,16,0.1,0.4,0.5
12-10-2021,60+,50,25,149,3.8,23.2,113.4,4,2,8,0.3,1.9,6.1
13-10-2021,60+,48,23,142,3.7,21.4,108.4,3,2,10,0.2,1.9,7.6
13-10-2021,0-59,12,15,160,0.3,1.8,5.3,2,2,9,0.1,0.2,0.3
13-10-2021,All population,60,38,302,1.2,4,9.6,5,4,19,0.1,0.4,0.6
14-10-2021,0-59,11,14,153,0.3,1.7,5.1,1,0,8,0,0,0.3
14-10-2021,60+,48,22,128,3.7,20.5,98.1,4,2,9,0.3,1.9,6.9
14-10-2021,All population,59,36,281,1.2,3.8,9,5,2,17,0.1,0.2,0.5
15-10-2021,All population,60,36,273,1.2,3.8,8.7,7,2,20,0.1,0.2,0.6
15-10-2021,60+,48,23,121,3.7,21.4,92.9,6,1,10,0.5,0.9,7.7
15-10-2021,0-59,12,13,152,0.3,1.6,5.1,1,1,10,0,0.1,0.3
16-10-2021,All population,57,32,278,1.1,3.4,8.9,1,1,20,0,0.1,0.6
16-10-2021,0-59,12,14,161,0.3,1.7,5.4,0,1,15,0,0.1,0.5
16-10-2021,60+,45,18,117,3.4,16.7,90,1,0,5,0.1,0,3.8
17-10-2021,0-59,12,14,163,0.3,1.7,5.4,1,1,7,0,0.1,0.2
17-10-2021,60+,46,19,119,3.5,17.7,91.9,1,3,11,0.1,2.8,8.5
17-10-2021,All population,58,33,282,1.2,3.5,9,2,4,18,0,0.4,0.6
18-10-2021,60+,45,18,116,3.4,16.9,89.8,2,2,7,0.2,1.9,5.4
18-10-2021,All population,55,30,267,1.1,3.2,8.5,3,2,14,0.1,0.2,0.4
18-10-2021,0-59,10,12,151,0.3,1.5,5,1,0,7,0,0,0.2
19-10-2021,All population,57,27,262,1.1,2.9,8.4,5,0,17,0.1,0,0.5
19-10-2021,60+,47,15,117,3.6,14.1,90.8,5,0,10,0.4,0,7.8
19-10-2021,0-59,10,12,145,0.3,1.5,4.8,0,0,7,0,0,0.2
20-10-2021,60+,46,13,116,3.5,12.2,90.3,1,1,10,0.1,0.9,7.8
20-10-2021,All population,54,23,256,1.1,2.5,8.2,1,1,14,0,0.1,0.4
20-10-2021,0-59,8,10,140,0.2,1.2,4.7,0,0,4,0,0,0.1
21-10-2021,0-59,7,9,130,0.2,1.1,4.3,0,1,4,0,0.1,0.1
21-10-2021,All population,47,21,240,0.9,2.3,7.7,2,1,10,0,0.1,0.3
21-10-2021,60+,40,12,110,3,11.3,85.9,2,0,6,0.2,0,4.7
22-10-2021,All population,41,23,236,0.8,2.5,7.6,3,2,14,0.1,0.2,0.4
22-10-2021,60+,33,14,105,2.5,13.2,82.1,2,2,5,0.2,1.9,3.9
22-10-2021,0-59,8,9,131,0.2,1.1,4.4,1,0,9,0,0,0.3
23-10-2021,All population,41,24,226,0.8,2.6,7.3,2,3,6,0,0.3,0.2
23-10-2021,0-59,9,9,126,0.2,1.1,4.2,1,1,3,0,0.1,0.1
23-10-2021,60+,32,15,100,2.4,14.2,78.4,1,2,3,0.1,1.9,2.4
24-10-2021,0-59,8,9,123,0.2,1.1,4.1,0,0,3,0,0,0.1
24-10-2021,60+,29,15,96,2.2,14.3,75.5,1,1,3,0.1,1,2.4
24-10-2021,All population,37,24,219,0.7,2.6,7,1,1,6,0,0.1,0.2
25-10-2021,60+,31,13,87,2.3,12.4,68.6,4,1,4,0.3,1,3.2
25-10-2021,0-59,6,8,114,0.2,1,3.8,0,1,3,0,0.1,0.1
25-10-2021,All population,37,21,201,0.7,2.3,6.5,4,2,7,0.1,0.2,0.2
26-10-2021,0-59,5,8,108,0.1,1,3.6,0,0,2,0,0,0.1
26-10-2021,All population,35,20,187,0.7,2.2,6,1,1,6,0,0.1,0.2
26-10-2021,60+,30,12,79,2.3,11.5,62.4,1,1,4,0.1,1,3.2
27-10-2021,All population,30,18,185,0.6,2,6,2,3,11,0,0.3,0.4
27-10-2021,0-59,4,7,105,0.1,0.9,3.5,1,1,5,0,0.1,0.2
27-10-2021,60+,26,11,80,2,10.6,63.4,1,2,6,0.1,1.9,4.8
28-10-2021,0-59,3,6,104,0.1,0.8,3.5,0,1,3,0,0.1,0.1
28-10-2021,60+,26,12,83,2,11.6,66,2,2,9,0.2,1.9,7.2
28-10-2021,All population,29,18,187,0.6,2,6,2,3,12,0,0.3,0.4
29-10-2021,All population,26,15,178,0.5,1.7,5.7,1,0,7,0,0,0.2
29-10-2021,0-59,3,5,98,0.1,0.6,3.3,0,0,2,0,0,0.1
29-10-2021,60+,23,10,80,1.7,9.6,63.7,1,0,5,0.1,0,4
30-10-2021,All population,27,13,177,0.5,1.4,5.7,4,0,5,0.1,0,0.2
30-10-2021,60+,24,9,77,1.8,8.6,61.4,4,0,0,0.3,0,0
30-10-2021,0-59,3,4,100,0.1,0.5,3.4,0,0,5,0,0,0.2
31-10-2021,0-59,3,5,101,0.1,0.6,3.4,0,1,5,0,0.1,0.2
31-10-2021,60+,25,12,74,1.9,11.5,59.2,3,3,2,0.2,2.9,1.6
31-10-2021,All population,28,17,175,0.5,1.9,5.6,3,4,7,0.1,0.4,0.2
01-11-2021,60+,25,10,73,1.9,9.7,58.5,1,0,7,0.1,0,5.6
01-11-2021,0-59,4,3,96,0.1,0.4,3.2,1,0,4,0,0,0.1
01-11-2021,All population,29,13,169,0.6,1.5,5.5,2,0,11,0,0,0.4
02-11-2021,60+,24,13,72,1.8,12.6,57.9,0,3,3,0,2.9,2.4
02-11-2021,0-59,4,3,91,0.1,0.4,3.1,0,0,4,0,0,0.1
02-11-2021,All population,28,16,163,0.5,1.8,5.3,0,3,7,0,0.3,0.2
03-11-2021,All population,23,12,157,0.4,1.3,5.1,1,0,5,0,0,0.2
03-11-2021,0-59,3,3,87,0.1,0.4,2.9,0,0,3,0,0,0.1
03-11-2021,60+,20,9,70,1.5,8.7,56.4,1,0,2,0.1,0,1.6
04-11-2021,60+,19,5,67,1.4,4.8,54.1,0,1,2,0,1,1.6
04-11-2021,0-59,2,3,81,0.1,0.4,2.7,0,0,0,0,0,0
04-11-2021,All population,21,8,148,0.4,0.9,4.8,0,1,2,0,0.1,0.1
05-11-2021,All population,19,9,145,0.4,1,4.7,1,2,4,0,0.2,0.1
05-11-2021,60+,17,5,67,1.3,4.8,54.2,1,1,3,0.1,1,2.4
05-11-2021,0-59,2,4,78,0.1,0.5,2.6,0,1,1,0,0.1,0
06-11-2021,60+,17,4,67,1.3,3.8,54.3,1,0,1,0.1,0,0.8
06-11-2021,All population,19,9,146,0.4,1,4.7,1,1,3,0,0.1,0.1
06-11-2021,0-59,2,5,79,0.1,0.6,2.7,0,1,2,0,0.1,0.1
07-11-2021,All population,19,9,137,0.4,1,4.4,2,0,1,0,0,0
07-11-2021,0-59,2,5,77,0.1,0.6,2.6,0,0,0,0,0,0
07-11-2021,60+,17,4,60,1.3,3.9,48.8,2,0,1,0.2,0,0.8
